sha256,size_bytes,path,origem,classificacao
a591d517f1134fced9d4e450a758127dcacfe463df20c03127c4741707b2bc3b,82,.gitattributes,session-2026-08-02,CANONICAL_ACTIVE
0a2208287c86d867c14c2b5f8fe2ab11ea8e8a3cae6effa257f5f97e9e72c0f7,214,.github/PULL_REQUEST_TEMPLATE.md,session-2026-08-02,CANONICAL_ACTIVE
66bc46c24ab1c92533c60f1cf549228e3ecc3af30bf9056daa2663611d083769,2827,.github/workflows/session-pr.yml,session-2026-08-02,CANONICAL_ACTIVE
6496d75e1aec453a8b6f03deb2ac9043c8ca796461469619c218742e7c7e8035,1073,.gitignore,session-2026-08-02,CANONICAL_ACTIVE
56f54cdb6d8ffc5132f1dd0873eb2283c900ed76d2e53c640ef629eed49bd937,54,archive/quarantine-index/.gitkeep,session-2026-08-02,HISTORICAL_EVIDENCE
418a97190c008f265314c30f0df379ce0fabb8c5c2babb14b287f4232d5d4bd4,2879,archive/quarantine-index/DECISAO_SUBSTITUTIVA_DUMP_COMPLETO__SUPERSEDED.md,session-2026-08-02,HISTORICAL_EVIDENCE
80f1f5fe878906ddf72752be51e73e17d884290598c83811c64e079ccf52445b,553,archive/quarantine-index/README.md,session-2026-08-02,HISTORICAL_EVIDENCE
dba1d69780ff0101f1b936bff52b8633a4f20375ae47d98e115bb5faee3b53b3,72,archive/raw-session-index/.gitkeep,session-2026-08-02,GENERATED_ARTIFACT
221619c46a842cccc952fcfd50a44023548bd350a1046f520dbad4eacc9357d2,55,archive/superseded/.gitkeep,session-2026-08-02,GENERATED_ARTIFACT
2375e4350da246e358e3f7bf5f246b546a0eaa860fdb7f052e546322197a9d7b,2199,CHANGELOG.md,session-2026-08-02,CANONICAL_ACTIVE
5e93fc10aa61177c1f13191396a13adc9e63184a331b7d46454b9e2cb1f4037b,27,docs/architecture/.gitkeep,session-2026-08-02,GENERATED_ARTIFACT
2153ecc784ca32a4ddb4f7124845356fdebf98fc7a58aff7f9dec3ebdf11e013,56,docs/audits/.gitkeep,session-2026-08-02,GENERATED_ARTIFACT
cf606aded6704d330dd43e91dc3f52177e768c9b458926fba561cc268be6e6ac,6021,docs/governance/decisions/current/DECISAO_SUBSTITUTIVA_SCHEMA_ONLY.md,session-2026-08-02,CANONICAL_ACTIVE
8ab01b15a05322bb2c81a5419b9090e981d3f89c968b1b4641c9f8d4ed7e2162,4201,docs/governance/decisions/history/2026-07-31_DECISAO_DUMP_COMPLETO__ORIGINAL.md,session-2026-08-02,HISTORICAL_EVIDENCE
37b2b051b60c0721c2cfd6ce20fdf8b28c833aac1155d0781fd8763d027025f7,2682,docs/governance/decisions/history/2026-08-01_STATUS_SUBSTITUICAO_DUMP_COMPLETO.md,session-2026-08-02,HISTORICAL_EVIDENCE
c77f77fcef895bb70e69027bc86be36863eafae0e418422e3e818c01dfa88020,70,docs/governance/decisions/pending/.gitkeep,session-2026-08-02,GENERATED_ARTIFACT
845418a713b7a588f1844ed2a1ccde962684e263a8567fd3f3bbf66c5bd6f947,4528,docs/governance/M17_FRONTEIRA_EXECUTOR.md,session-2026-08-02,CANONICAL_ACTIVE
680326fada716f0f869288c5cf2ee02152fa3da4766c4d4ab84fa932d7c13520,6613,docs/governance/M18_DECISAO_HUMANA_SUBSTITUTIVA.md,session-2026-08-02,CANONICAL_ACTIVE
e022452a0a0f69c633fe9ba93aa2800d88d09359bb5f1d3fe470070fe539e9cc,6051,docs/governance/policies/POLITICA_ISOLAMENTO_REDE.md,session-2026-08-02,CANONICAL_ACTIVE
43be8e3999bb6bd45a4626e794f08b34c6e87f076c85e40fe306d5b7e74a3c32,9287,docs/governance/PROTOCOLO_CROSSAUDIT_01.md,session-2026-08-02,CANONICAL_ACTIVE
de35005ff3c03c35e0307d69e79d69a3745918a09f1f390d6197b85d29568840,8007,docs/governance/PROTOCOLO_EXCHANGE_01.md,session-2026-08-02,CANONICAL_ACTIVE
cfae3a2c3a9617433b6c0d43a8445b16c0ff09de04a977d885f30339ae83ffdf,34,docs/handoffs/.gitkeep,session-2026-08-02,GENERATED_ARTIFACT
426a98235653a89857fc5e5e4730ad84d233d37bca074c1aadc74eb287281510,2610,docs/handoffs/HANDOFF_REPO-001_2026-08-02.md,session-2026-08-02,CANONICAL_ACTIVE
e43c557644cb5206405ccffc909430bf71a350e15663b98e8e371375c48f073c,8166,docs/missions/AGENT-FACTORY-DBTWIN-001/HANDOFF_DBTWIN_001.md,session-2026-08-02,CANONICAL_ACTIVE
9c1b12191a1ec2a369ffbddc90341648e9bf93e89eb9a339657e1238e4a22962,8492,docs/missions/AGENT-FACTORY-DBTWIN-002/audits/AUDITORIA_INDEPENDENTE_DBTWIN_002.md,session-2026-08-02,HISTORICAL_EVIDENCE
4bb9188de543ffe8956c9409c9a033f70050a5e927226b2d3c05c2505892162a,13183,docs/missions/AGENT-FACTORY-DBTWIN-002/audits/AUDITORIA_INDEPENDENTE_DBTWIN_002_V2.md,session-2026-08-02,CANONICAL_ACTIVE
7b00b5a094403974dc167fb8773e1fe4a956512ef09d05fffc5c03d6109b7c80,7255,docs/missions/AGENT-FACTORY-DBTWIN-002/CONTRATO_FASE_02.md,session-2026-08-02,CANONICAL_ACTIVE
7e638acbf2ed4c94466da7bdab5ef9f7b349ac8fbb862d82d9b1741f49ada6dd,5430,docs/missions/AGENT-FACTORY-DBTWIN-002/ESTRATEGIA_AUDITORIA.md,session-2026-08-02,CANONICAL_ACTIVE
f7bb7079307114943442abedd65e639299172b6572ce6461b9295dd9b258f01e,5675,docs/missions/AGENT-FACTORY-DBTWIN-002/ESTRUTURA_CANONICA.md,session-2026-08-02,CANONICAL_ACTIVE
3ea69fc98b04b02fb65a948689867600718e13094b3d1969d3b43526754677ea,6739,docs/missions/AGENT-FACTORY-DBTWIN-002/FIXTURES_SINTETICAS.md,session-2026-08-02,CANONICAL_ACTIVE
9c4522b44b77ba64296fbf11ac8f1503de5a39d661f951f831ff9885e6d89237,10913,docs/missions/AGENT-FACTORY-DBTWIN-002/gates/GATE_HUMANO_FASE_02.md,session-2026-08-02,CANONICAL_ACTIVE
bd79784654e7287bbd82e5226ce8e050f9c0afbc57ec5a4bf90d613fcbcd5484,2595,docs/missions/AGENT-FACTORY-DBTWIN-002/gates/pending/DECISAO_GATE_02A_DBTWIN_002.md,session-2026-08-02,BLOCKED_PENDING
b091960afc46d34390c46e19d7f619f38d6bbf64dc871234bd2f017a55b24db6,1827,docs/missions/AGENT-FACTORY-DBTWIN-002/MATRIZ_DEPENDENCIA_FASE01.md,session-2026-08-02,CANONICAL_ACTIVE
fca01fa9a0a49268500e1a14d78ed21a69c099426fdb98eab8f7c6f768b0d8d4,6930,docs/missions/AGENT-FACTORY-DBTWIN-002/MATRIZ_RASTREABILIDADE.md,session-2026-08-02,CANONICAL_ACTIVE
852c948bec30232522d9ed6ddd9a587678554562d773665acbd3a3925b94f141,4727,docs/missions/AGENT-FACTORY-DBTWIN-002/ORIGEM_SCHEMA_ONLY.md,session-2026-08-02,CANONICAL_ACTIVE
5eddf162725a3a50673539962cb6955f0298b226d89c498113074645c20ec078,11198,docs/missions/AGENT-FACTORY-DBTWIN-002/PLAN_DBTWIN_002.md,session-2026-08-02,CANONICAL_ACTIVE
52c7f761a04ac7507d585f9672a290977d2e02fee36fb25d49e92aacfb17e482,1596,docs/missions/AGENT-FACTORY-DBTWIN-002/README.md,session-2026-08-02,CANONICAL_ACTIVE
d0492d8980b57dd77a1bae108071652ad5622d41ad161a39b0c08dceacdd35db,2704,docs/missions/AGENT-FACTORY-DBTWIN-002/specs/EVIDENCE_MANIFEST_SPEC.md,session-2026-08-02,CANONICAL_ACTIVE
008b716b00d2cdf3ccd1d791c1dba8a69a6085e6097f259b7972dd99475bb847,4641,docs/missions/AGENT-FACTORY-DBTWIN-002/specs/FINGERPRINT_SPEC.md,session-2026-08-02,CANONICAL_ACTIVE
042404e895a74d68d4e3ee48f3d38ebe7ca030e8ba228cec9dd77bf14e6739c6,3071,docs/missions/AGENT-FACTORY-DBTWIN-002/specs/PACKAGE_IMPORT_MANIFEST.md,session-2026-08-02,CANONICAL_ACTIVE
3581b21755815c7e6acdab73a0d660e2c71987ae820aff2e99d578a1fa726cae,1538,docs/missions/AGENT-FACTORY-DBTWIN-002/specs/SCHEMA_INVENTORY_SPEC.md,session-2026-08-02,CANONICAL_ACTIVE
af0e3b81de16c7d20967d34e08ff768219523a3be692779db64b90d411d713ba,2017,docs/missions/AGENT-FACTORY-DBTWIN-002/specs/SCHEMA_SOURCE_MANIFEST.md,session-2026-08-02,CANONICAL_ACTIVE
d0e2162de8eb604910febba9f0bd94123e9abe7b691669cfdbbcaf6fc6225eff,5333,docs/missions/AGENT-FACTORY-DBTWIN-002/VALIDACAO_SUPABASE.md,session-2026-08-02,CANONICAL_ACTIVE
a83456e69e8556eac8b114655b40405cac73506c46a182069daaa7c607ed106c,7936,docs/missions/AGENT-FACTORY-DBTWIN-002/VERSIONAMENTO_GIT.md,session-2026-08-02,CANONICAL_ACTIVE
a12f9ae2a721ff290da98a2e0fadc264c232a992391eca55808c22d0a252d5f6,1825,docs/missions/AGENT-FACTORY-REPO-001/BOOTSTRAP_GIT.md,session-2026-08-02,CANONICAL_ACTIVE
6511ad5f4d831ae13ec7aff23e6444299c17cbb2634bcab27656b77f5cfbc64c,1267,docs/missions/AGENT-FACTORY-REPO-001/FIRST_PR_BODY.md,session-2026-08-02,CANONICAL_ACTIVE
dc0ae694b453a37eab87b296db5e3f668bbc55388fe22b3f34723baa8a16e6ff,18656,docs/missions/AGENT-FACTORY-REPO-001/MISSAO_AGENT-FACTORY-REPO-001.md,session-2026-08-02,CANONICAL_ACTIVE
e961b754c72a9e0f540f2a19356241b004d60eafbb1d6828cb7b398673a1385c,3323,docs/missions/AGENT-FACTORY-REPO-001/RESPOSTA_PARECER_GPT.md,session-2026-08-02,CANONICAL_ACTIVE
76b9df208d951e0d0d09d6f0661c9d9b2330f7151306c17b588a4eb1228b0e8a,3060,docs/prompts/PROMPT_DBTWIN_002.md,session-2026-08-02,CANONICAL_ACTIVE
91b68d743b41d0f7b557c050086cb457509510868d132c689d9e55e6c01e0e67,23,docs/references/.gitkeep,session-2026-08-02,GENERATED_ARTIFACT
ebc18278e549fb171474492b384ecc59ea80030539c168870675a5fdeb5d73c8,23,docs/runbooks/.gitkeep,session-2026-08-02,GENERATED_ARTIFACT
f8bd57edd69dd9cd2d7ccd7757d8be3db9ef995994a0131e3a8a5320a3203c5b,3157,docs/sessions/2026/2026-08-02/SESSION_2026-08-02-REPO-001-01.md,session-2026-08-02,CANONICAL_ACTIVE
813072b8be6ab8e4ad6cfd3250c11bbe46b1200011928486908039ac51f66e6b,49,evidence/hashes/.gitkeep,session-2026-08-02,GENERATED_ARTIFACT
40aafe6018a6652e9591b15d01b4cfa07681546383e44886117e5c2ea9aa5a28,3533,evidence/hashes/MODULE_IMPORT_2026-08-02.csv,session-2026-08-02,CANONICAL_ACTIVE
bfce5e333a70135b0f6fa3c470aee26c8a060c56ca89c04f534b90bb9eb0f57f,1150,evidence/manifests/EXCHANGE_MANIFEST_SKELETON.json,session-2026-08-02,CANONICAL_ACTIVE
5c7971a000ed25a575e521466e20b8afeabb4a3e7585960e6da888246e05a5f0,532,evidence/manifests/FREEZE_MANIFEST_SKELETON.json,session-2026-08-02,CANONICAL_ACTIVE
4638382f65edc5d53473e3bd4e250abed9aef49e35cea044faca5ae7a2413799,880,evidence/manifests/RECONCILIATION_MATRIX_SKELETON.json,session-2026-08-02,CANONICAL_ACTIVE
abf400a0bd445162e8a0221869baf2cd2223adbd63169be84aeb020f928129fa,55,evidence/reports/.gitkeep,session-2026-08-02,GENERATED_ARTIFACT
0a39a181966fc2b7cb24dac54783587f79ba59140d6a3de54e5df4f077d3dfa0,2314,evidence/reports/BROKEN_REFERENCES.md,session-2026-08-02,CANONICAL_ACTIVE
015c38c2ffbfe699b6944bab8551ada9b62c6134c66ab50da1e76d816dd6a28e,81,evidence/small-artifacts/.gitkeep,session-2026-08-02,GENERATED_ARTIFACT
9b6858f31d43e2217747bce7e32cb810d5fde4d24c2d6d2a9c1d3a230c345aae,2834,GOVERNANCE.md,session-2026-08-02,CANONICAL_ACTIVE
312ad620897796e9bea353740509754a40113ed7e351ad03f788703f63bea2d4,1941,MANIFESTO_ORGANIZACAO_v1.md,session-2026-08-02,CANONICAL_ACTIVE
c5ed29021d4f15e588206633c1875570ca74e5e567195ca0b74182b2b2538fb8,274,package/stein-db-twin/.gitignore,session-2026-08-02,MODULE_CODE
83264f99f50b9d428f22de87a9e8ef5252a0303c96215218ca551fcb616b0885,3049,package/stein-db-twin/_IMPORT_STATUS.md,session-2026-08-02,MODULE_CODE
be255e2ee53f6828ed52681c84c6b388b82326f8cb4586256c30994beaa6121a,2105,package/stein-db-twin/config/columns.json,session-2026-08-02,MODULE_CODE
b80e59fe155a675ad3b8f6ddca319fd20a07319b6d2f1291289c03634b4a016a,934,package/stein-db-twin/config/docker-compose.yml,session-2026-08-02,MODULE_CODE
cbdc9015561d5a9292a1e563e4744a5a17fc69d6c370bda8449dc73926ba9fb3,2702,package/stein-db-twin/docs/CHANGELOG_v0.2.md,session-2026-08-02,MODULE_CODE
acf7997699db3ca4483a0b2a59fd64721586a38e3e6a505b29606e1f020e8ef5,1839,package/stein-db-twin/docs/MISSION_TEMPLATE.md,session-2026-08-02,MODULE_CODE
2a0a590dd9d5eaa93e366974c0af6089cd1bdabd2d1e4557555178b68d3888c3,2143,package/stein-db-twin/docs/RUNBOOK.md,session-2026-08-02,MODULE_CODE
8fbce77edbe933cf5dd99e336764aed922a5304be5dd1a118489dc54f9e48df1,830,package/stein-db-twin/policies/human-gates.json,session-2026-08-02,MODULE_CODE
20416a3019006f991f487b1aab93bf0d21c2784c57fa6b59d6b15f3924de9370,755,package/stein-db-twin/policies/permissions.json,session-2026-08-02,MODULE_CODE
5b697bedaab6a8559431bce5065456e6415c19880c2e6d21da9d97213dbe3203,3111,package/stein-db-twin/README.md,session-2026-08-02,MODULE_CODE
01a9b37ca1736a53b3252bd82db8eabfe793d955063d5335503976e8a724c4e0,11209,package/stein-db-twin/sanitizer/sanitize_v2.py,session-2026-08-02,MODULE_CODE
2e58cc1d695e37ff91c9fc25e08d7c141db87d9dd97191f847e3c6b888f6dc80,1412,package/stein-db-twin/scripts/01_dump_homolog.ps1,session-2026-08-02,MODULE_CODE
5123b6b41769db9cb565f4c2656c497e30a816889ac9600787794d6a6ff49e3e,2059,package/stein-db-twin/scripts/02_sanitize.ps1,session-2026-08-02,MODULE_CODE
41e04a1fba1208034c2ad170a32896507016931c571d0b5942388734f612d74e,1127,package/stein-db-twin/scripts/03_start_local.ps1,session-2026-08-02,MODULE_CODE
86e085910e7ccb183848505603bd3b8e419b0576c7e1462fc61e9799059e7b29,2674,package/stein-db-twin/scripts/04_restore_mission.ps1,session-2026-08-02,MODULE_CODE
2517f556804ed5052be78a7a0314cfbd6bb8b81069e60c1d201fd8b7bf452daa,796,package/stein-db-twin/seeds/seed_7730.sql,session-2026-08-02,MODULE_CODE
fe6f4464516115525e9d89e5216ba44d304caf47561010a563f64e510900ac4d,3776,README.md,session-2026-08-02,CANONICAL_ACTIVE
fe81d89d731f76889ab868edeca7c765c4d73cae49de54afdb8a89283a00769f,1069,SECURITY.md,session-2026-08-02,CANONICAL_ACTIVE
d532d5b2404f4794fa04e8ca7d3c0b6c2cf23d80c62b31fc2ce99f9290ebac12,2273,SESSION_CLOSE_PROTOCOL.md,session-2026-08-02,CANONICAL_ACTIVE
e684528d44760e4df2e7bfacc9eae8f8a2938de8d2ab04433d280f9c9240d5a2,86,templates/audit/AUDIT_TEMPLATE.md,session-2026-08-02,CANONICAL_ACTIVE
a93845502fe130350742dc6103eb302d2d37de1b554714e70f98911494f70136,322,templates/decision/DECISION_TEMPLATE.md,session-2026-08-02,CANONICAL_ACTIVE
59e93f3b3fbea746cb5c5050541a66dfa05d2d3969c9e7370b1b686b39682843,81,templates/handoff/HANDOFF_TEMPLATE.md,session-2026-08-02,CANONICAL_ACTIVE
cc425c8eed8d81a9e96b34aa6aef4deb96107e15c097ef6f497090b4cbb70931,288,templates/mission/MISSION_TEMPLATE.md,session-2026-08-02,CANONICAL_ACTIVE
0a2208287c86d867c14c2b5f8fe2ab11ea8e8a3cae6effa257f5f97e9e72c0f7,214,templates/pull-request/PULL_REQUEST_TEMPLATE.md,session-2026-08-02,CANONICAL_ACTIVE
649225bbcb05ff1bf1d19021c91039c92759ecc0edaa96965244fc0201434ba4,5984,tools/inventory/INVENTARIO_READONLY.ps1,session-2026-08-02,CANONICAL_ACTIVE
b1d5fce31b37ce1f22d27187ab75788f1e22d13f02999edf982380faeffcd2ef,47,tools/session-close/.gitkeep,session-2026-08-02,GENERATED_ARTIFACT
3fc598fb25ce38b6852f01248e0f81394c3b4f1783db22394296b97d2d7dab53,64,tools/validation/.gitkeep,session-2026-08-02,GENERATED_ARTIFACT
